,range,sill
mean,11.929307113247106,0.08200951650855247
std_err,2.937517705065438,0.00372304396327899
