,range,sill
mean,11.977839994366779,0.06076193326826067
std_err,2.1545179563458943,0.0019996613550234445
